1124-1356-ND,12
1124-1421-ND,28
CP-102B-ND,4
151-1119-ND,4
A19450-ND,4
296-19310-1-ND,28
490-4311-1-ND,194
587-1755-1-ND,92
490-14600-1-ND,102
311-39.0HRTR-ND,37
296-15172-1-ND,19
311-470HRCT-ND,10
399-9057-1-ND,10
YAG3125DKR-ND,10
478-10205-1-ND,10
478-6720-1-ND,10
399-1061-1-ND,10
ADCMP553BRMZ-ND,10
MC100ELT21DGOS-ND,10
296-22859-1-ND,10
296-11933-1-ND,10
MCP6001T-I/OTCT-ND,10
311-82.5HRCT-ND,19
311-124HRCT-ND,19
3266W-503LF-ND,10
399-1061-6-ND,10
LL101C-GS08CT-ND,19
MAX9378EUA+-ND,10
490-4392-1-ND,65
3266W-103LF-ND,21
1SS387L3FCT-ND,19
S9000-ND,17
A26543-ND,10
ED10563-ND,10
CT2064ST-ND,8
311-10KGRCT-ND,28
MAX4634EUB+TCT-ND,4
296-39196-5-ND,6
3310H-001-103L-ND,4
399-9371-1-ND,8
A26545-ND,8
DS90LV019TM/NOPB-ND,4
399-4925-2-ND,10
732-7146-ND,6
1470-1968-5-ND,4
102-2833-ND,4
709-1036-6-ND,4
587-2988-1-ND,6
AIUR-07-120K-ND,4
M8872-ND,4
P5184-ND,6
SMCJ48AFSCT-ND,4
493-11380-1-ND,4
493-13464-1-ND,6
RLB0914-120KL-ND,4
P19712CT-ND,10
445-6007-2-ND,10
311-0.18LWCT-ND,6
F1504-ND,4
311-.4QCT-ND,4
CSR2010JTR300CT-ND,4
360-3351-ND,4
C503B-GCN-CY0C0791-ND,8
36-5001-ND,23
36-1902E-ND,10
36-4808-ND,10
732-10381-ND,8
36-4708-NDf,8
36-7689-1-ND,8
HM1506-ND,4
