1124-1356-ND	29
1124-1421-ND	69
CP-102B-ND	7
151-1119-ND	7
A19450-ND	7
296-19310-1-ND	69
490-4311-1-ND	500
587-1755-1-ND	230
490-14600-1-ND	253
311-39.0HRTR-ND	100
296-15172-1-ND	50
311-470HRCT-ND	25
399-9057-1-ND	25
YAG3125DKR-ND	25
478-10205-1-ND	25
478-6720-1-ND	25
399-1061-1-ND	25
ADCMP553BRMZ-ND	25
MC100ELT21DGOS-ND	25
296-22859-1-ND	25
296-11933-1-ND	25
MCP6001T-I/OTCT-ND	25
311-82.5HRCT-ND	50
311-124HRCT-ND	50
3266W-503LF-ND	25
399-1061-6-ND	25
LL101C-GS08CT-ND	50
MAX9378EUA+-ND	25
490-8387-1-ND	161
3266W-103LF-ND	52
1SS387L3FCT-ND	50
S9000-ND	41
A26543-ND	25
ED10563-ND	25
CT2064ST-ND	18
311-10KGRCT-ND	69
MAX4634EUB+TCT-ND	7
296-39196-5-ND	12
3310H-001-103L-ND	7
399-9371-1-ND	18
A26545-ND	18
DS90LV019TM/NOPB-ND	7
399-4925-2-ND	25
732-7146-ND	12
1470-1968-5-ND	7
102-2833-ND	7
709-1036-6-ND	7
587-2988-1-ND	12
AIUR-07-120K-ND	7
M8872-ND	7
P5184-ND	12
SMCJ48AFSCT-ND	7
493-11380-1-ND	7
493-13464-1-ND	12
RLB0914-120KL-ND	7
P19712CT-ND	25
445-6007-2-ND	25
311-0.18LWCT-ND	12
F1504-ND	7
311-.4QCT-ND	7
CSR2010JTR300CT-ND	7
360-3351-ND	7
C503B-GCN-CY0C0791-ND	18
36-5001-ND	58
36-1902E-ND	25
36-4808-ND	25
732-10381-ND	18
36-4708-NDf	18
36-7689-1-ND	18
HM1506-ND	7
